"","TRS2.5.sos","TRS2.5.eos","TRS5.sos","TRS5.eos","DER.sos","DER.pos","DER.eos","UD","SD","DD","RD","Greenup","Maturity","Senescence","Dormancy","sitename","year"
"1",143,292,165,269,174,217,261,129,202,234,306,123,217,NA,311,"TLG","1982"
"2",135,290,160,268,170,216,260,120,200,233,304,114,216,309,NA,"TLG","1983"
"3",135,309,160,283,168,221,275,118,202,242,326,110,221,NA,332,"TLG","1984"
"4",131,299,155,275,162,214,266,113,195,235,316,106,214,NA,322,"TLG","1985"
"5",127,289,150,264,158,206,255,109,189,225,304,103,206,310,NA,"TLG","1986"
"6",120,278,141,253,147,194,243,104,176,213,293,98,194,299,NA,"TLG","1987"
"7",140,287,155,261,157,198,254,129,180,219,304,125,191,221,312,"TLG","1988"
"8",134,308,158,284,164,221,277,116,198,244,326,109,221,NA,332,"TLG","1989"
"9",127,294,151,271,157,211,266,112,190,234,311,105,211,NA,318,"TLG","1990"
"10",117,301,144,274,154,209,265,100,189,231,318,93,209,NA,326,"TLG","1991"
"11",141,291,163,268,171,215,260,126,199,233,305,120,215,NA,311,"TLG","1992"
"12",115,297,139,269,147,203,261,97,181,226,314,90,203,NA,321,"TLG","1993"
"13",127,300,151,274,158,212,266,108,191,234,316,101,212,NA,323,"TLG","1994"
"14",137,297,161,273,168,217,265,121,199,236,312,115,217,NA,318,"TLG","1995"
"15",120,304,145,278,152,211,270,100,188,235,322,93,211,NA,329,"TLG","1996"
"16",122,288,144,266,149,204,259,105,183,228,304,98,201,208,311,"TLG","1997"
"17",102,301,129,274,135,201,268,82,175,230,321,74,193,209,329,"TLG","1998"
"18",125,286,148,264,153,206,259,110,185,229,302,103,203,209,309,"TLG","1999"
"19",118,323,136,291,139,194,296,104,168,238,350,96,183,246,368,"TLG","2000"
"20",116,315,131,287,132,186,289,104,157,244,338,100,165,237,346,"TLG","2001"
"21",118,308,130,279,132,178,281,108,153,232,334,104,161,226,343,"TLG","2002"
"22",101,321,123,295,121,204,293,73,164,251,342,NA,175,240,350,"TLG","2003"
"23",103,318,128,296,129,217,295,78,174,260,334,70,184,251,340,"TLG","2004"
"24",120,324,130,296,131,179,296,112,149,250,349,108,154,235,357,"TLG","2005"
"25",135,313,139,301,139,162,302,132,147,281,325,126,153,277,328,"TLG","2006"
"26",126,324,132,296,132,160,298,122,141,253,349,118,146,240,356,"TLG","2007"
"27",127,301,137,278,138,182,279,120,155,240,324,116,160,229,330,"TLG","2008"
"28",111,296,131,269,135,192,263,96,166,223,317,90,179,216,325,"TLG","2009"
"29",100,324,126,296,129,210,294,78,173,251,345,69,185,239,354,"TLG","2010"
"30",102,291,125,266,129,195,261,80,167,225,310,73,181,210,318,"TLG","2011"
"31",109,309,136,294,138,232,293,85,186,268,321,77,195,261,325,"TLG","2012"
"32",138,306,142,278,142,167,278,134,150,237,328,129,156,177,335,"TLG","2013"
"33",123,295,135,272,136,184,272,115,156,233,317,111,161,223,323,"TLG","2014"
"34",124,290,143,266,147,202,262,109,178,228,308,103,189,219,315,"TLG","2015"
"35",115,252,135,230,144,182,221,101,168,197,264,96,182,268,NA,"CLS","1982"
"36",106,258,128,233,137,178,221,93,163,194,273,88,178,277,NA,"CLS","1983"
"37",130,281,153,257,162,205,247,116,190,221,294,110,205,NA,299,"CLS","1984"
"38",138,285,161,266,170,216,260,124,199,234,299,117,216,NA,305,"CLS","1985"
"39",134,282,158,261,169,212,254,121,197,229,295,115,212,NA,300,"CLS","1986"
"40",119,286,145,260,156,202,249,105,186,220,301,99,202,NA,306,"CLS","1987"
"41",144,278,167,257,179,213,246,133,201,225,289,131,213,292,NA,"CLS","1988"
"42",146,286,168,266,177,219,260,133,204,236,298,127,219,NA,303,"CLS","1989"
"43",127,299,154,273,165,214,263,112,196,233,314,106,214,NA,320,"CLS","1990"
"44",120,274,142,250,151,196,241,105,180,213,288,99,196,NA,293,"CLS","1991"
"45",127,295,151,271,159,211,262,112,191,231,311,104,211,NA,317,"CLS","1992"
"46",123,301,149,275,157,212,267,106,191,234,318,99,212,NA,325,"CLS","1993"
"47",124,293,148,268,156,208,260,107,189,229,309,100,208,NA,316,"CLS","1994"
"48",123,256,143,236,150,189,228,110,175,204,269,104,189,NA,274,"CLS","1995"
"49",130,292,156,270,167,214,261,115,198,233,309,109,214,NA,315,"CLS","1996"
"50",115,293,142,267,151,204,258,99,185,226,310,92,204,NA,317,"CLS","1997"
"51",113,263,135,239,144,187,230,98,172,203,276,93,187,NA,281,"CLS","1998"
"52",118,274,140,249,150,194,238,103,178,211,288,98,194,346,370,"CLS","1999"
"53",107,292,131,285,135,198,288,89,169,276,300,NA,NA,274,302,"CLS","2000"
"54",97,300,125,281,129,207,281,75,172,249,315,68,187,243,320,"CLS","2001"
"55",116,293,130,278,131,189,279,106,153,255,305,103,159,250,308,"CLS","2002"
"56",115,288,129,279,130,192,279,105,154,262,297,101,160,259,300,"CLS","2003"
"57",116,290,132,281,134,204,282,104,162,266,297,99,168,263,301,"CLS","2004"
"58",110,286,123,277,123,186,278,100,146,260,295,96,151,257,299,"CLS","2005"
"59",109,301,125,285,125,198,285,95,154,257,315,91,160,251,319,"CLS","2006"
"60",111,282,140,276,140,249,276,87,190,266,288,202,240,262,290,"CLS","2007"
"61",113,297,121,281,122,167,282,106,137,255,312,102,142,249,316,"CLS","2008"
"62",106,281,121,275,122,202,276,94,149,266,286,89,154,262,289,"CLS","2009"
"63",116,280,132,254,134,181,248,104,159,209,301,99,168,207,308,"CLS","2010"
"64",120,297,137,285,138,222,284,106,170,263,307,101,176,259,310,"CLS","2011"
"65",112,292,128,280,129,210,280,100,157,259,301,96,162,255,305,"CLS","2012"
"66",124,284,150,262,159,209,256,108,191,228,298,101,209,303,NA,"CLS","2013"
"67",129,289,150,271,153,214,269,112,187,242,303,106,194,232,308,"CLS","2014"
"68",109,262,130,240,137,185,233,94,167,205,276,88,185,NA,282,"CLS","2015"
"69",129,281,151,257,160,205,249,115,188,222,295,109,205,NA,300,"HSS","1982"
"70",126,298,151,272,159,211,263,109,192,232,314,102,211,NA,320,"HSS","1983"
"71",129,300,154,274,163,214,265,112,195,234,316,105,214,NA,322,"HSS","1984"
"72",137,293,159,271,167,215,263,121,197,234,308,115,215,NA,315,"HSS","1985"
"73",136,290,160,270,167,216,263,121,198,235,306,114,216,NA,311,"HSS","1986"
"74",121,303,149,275,159,211,264,104,192,232,319,97,211,NA,325,"HSS","1987"
"75",134,288,155,264,162,209,256,116,192,227,302,110,209,NA,308,"HSS","1988"
"76",140,287,164,268,172,219,262,125,203,237,300,118,219,NA,305,"HSS","1989"
"77",140,306,165,281,175,223,272,125,206,242,321,118,223,NA,327,"HSS","1990"
"78",124,284,148,260,156,203,251,109,186,222,298,102,203,NA,304,"HSS","1991"
"79",127,293,151,269,160,211,261,111,192,231,309,104,211,NA,316,"HSS","1992"
"80",121,297,145,269,154,206,259,104,187,227,314,97,206,NA,320,"HSS","1993"
"81",141,285,162,264,169,212,256,127,196,230,299,121,212,NA,304,"HSS","1994"
"82",117,301,144,273,154,208,262,99,189,229,317,92,208,NA,324,"HSS","1995"
"83",140,295,160,274,165,217,269,124,196,239,310,117,213,222,317,"HSS","1996"
"84",128,299,154,274,163,214,265,113,195,234,316,106,214,NA,322,"HSS","1997"
"85",121,287,145,261,155,204,252,105,186,222,302,99,204,NA,308,"HSS","1998"
"86",126,287,150,262,159,206,253,110,189,224,302,104,206,307,370,"HSS","1999"
"87",121,294,141,285,147,197,292,106,176,279,304,102,196,279,306,"HSS","2000"
"88",67,307,95,300,101,179,304,45,144,291,315,NA,NA,289,318,"HSS","2001"
"89",123,311,136,287,138,190,290,113,161,247,338,109,167,237,346,"HSS","2002"
"90",107,278,137,263,144,212,260,86,187,236,290,78,187,226,294,"HSS","2003"
"91",119,282,136,270,137,209,270,104,168,249,292,99,175,244,295,"HSS","2004"
"92",118,286,134,268,135,200,268,104,164,241,299,99,171,234,303,"HSS","2005"
"93",135,303,159,281,165,220,277,119,198,245,323,112,215,227,330,"HSS","2006"
"94",114,301,139,282,143,217,280,94,184,250,316,87,192,240,321,"HSS","2007"
"95",121,295,137,281,138,211,282,107,167,260,305,102,173,255,309,"HSS","2008"
"96",117,294,129,271,129,179,271,109,149,234,314,105,154,223,320,"HSS","2009"
"97",117,278,140,251,148,193,240,104,177,211,293,98,193,NA,299,"HSS","2010"
"98",115,294,139,273,143,208,268,94,182,236,310,87,191,222,316,"HSS","2011"
"99",114,298,129,286,129,208,285,103,155,264,308,99,160,260,311,"HSS","2012"
"100",122,276,146,260,151,212,258,104,188,234,288,97,190,224,293,"HSS","2013"
"101",125,292,143,273,145,208,271,110,177,241,307,105,184,233,312,"HSS","2014"
"102",121,265,142,244,149,193,238,108,176,211,279,102,193,NA,285,"HSS","2015"
"103",115,265,139,241,150,190,231,103,176,206,278,98,190,283,NA,"BS","1982"
"104",138,296,162,272,171,217,262,123,200,234,311,117,217,316,NA,"BS","1983"
"105",135,300,159,275,166,217,268,118,198,237,316,112,217,NA,322,"BS","1984"
"106",125,281,147,259,155,203,250,109,185,221,296,103,203,NA,302,"BS","1985"
"107",130,277,149,258,151,203,256,114,183,225,293,98,203,NA,309,"BS","1986"
"108",147,303,169,281,176,225,274,132,208,244,319,116,225,NA,334,"BS","1987"
"109",150,274,168,258,171,212,254,137,197,229,288,123,212,NA,301,"BS","1988"
"110",136,270,158,249,169,204,239,126,192,217,282,122,204,NA,285,"BS","1989"
"111",135,290,161,265,173,213,253,123,199,228,304,119,213,NA,308,"BS","1990"
"112",123,260,145,238,155,191,227,111,179,204,272,108,191,275,NA,"BS","1991"
"113",127,264,146,244,154,195,236,112,181,211,279,100,195,290,NA,"BS","1992"
"114",142,263,161,245,168,202,237,131,190,215,274,124,202,NA,280,"BS","1993"
"115",NA,NA,NA,NA,NA,NA,NA,NA,NA,NA,NA,NA,NA,NA,NA,"BS","1993"
"116",156,280,174,262,180,218,256,144,204,233,293,135,218,NA,301,"BS","1994"
"117",149,293,173,271,184,222,260,138,209,236,307,134,222,NA,310,"BS","1995"
"118",142,278,164,257,175,211,248,131,198,225,291,127,211,NA,295,"BS","1996"
"119",138,294,162,268,174,216,258,125,201,232,307,120,216,NA,312,"BS","1997"
"120",125,265,147,243,157,195,232,113,182,209,278,108,195,281,NA,"BS","1998"
"121",128,270,150,248,161,199,237,116,186,213,283,111,199,NA,287,"BS","1999"
"122",74,282,97,249,103,159,308,59,135,198,313,52,158,NA,268,"BS","2000"
"123",23,339,62,304,60,181,373,-13,136,251,373,NA,181,NA,NA,"BS","2001"
"124",101,312,128,284,135,204,281,81,175,239,334,74,193,228,343,"BS","2002"
"125",143,292,150,280,150,181,282,138,162,261,303,134,167,258,307,"BS","2003"
"126",98,336,128,307,133,211,306,78,176,257,360,69,195,250,372,"BS","2004"
"127",94,325,112,301,109,194,304,67,149,261,346,NA,162,253,357,"BS","2005"
"128",75,317,101,299,101,200,302,55,146,268,334,44,158,261,342,"BS","2006"
"129",58,337,84,314,84,187,320,37,131,273,364,24,145,264,NA,"BS","2007"
"130",77,319,99,299,98,195,302,55,141,265,336,NA,153,258,346,"BS","2008"
"131",61,295,89,281,87,205,282,31,139,257,307,24,151,253,311,"BS","2009"
"132",140,336,148,319,148,188,332,133,162,293,355,129,167,NA,285,"BS","2010"
"133",11,164,15,126,21,34,202,8,18,53,202,NA,NA,NA,NA,"BS","2011"
"134",221,266,223,263,225,230,264,220,225,257,273,NA,NA,253,275,"BS","2011"
"135",94,308,116,286,118,195,289,78,155,246,338,72,164,235,NA,"BS","2012"
"136",72,318,98,298,100,199,309,50,147,263,342,42,159,252,NA,"BS","2013"
"137",5,219,21,215,2,126,215,-10,49,205,226,NA,NA,202,229,"BS","2014"
"138",95,263,122,253,124,209,253,75,168,235,272,67,176,230,275,"BS","2015"
"139",127,290,151,265,160,208,256,112,191,227,305,105,208,311,NA,"TTH","1982"
"140",119,288,142,264,148,202,256,100,181,224,304,93,202,NA,311,"TTH","1983"
"141",117,293,141,269,148,205,262,100,183,229,310,92,205,NA,317,"TTH","1984"
"142",102,297,128,268,135,197,260,80,173,224,315,72,197,NA,322,"TTH","1985"
"143",130,289,152,264,159,207,256,111,189,227,304,105,207,310,NA,"TTH","1986"
"144",128,289,151,265,158,208,258,112,189,228,305,105,208,NA,311,"TTH","1987"
"145",104,272,129,246,137,187,237,87,169,207,288,81,187,294,NA,"TTH","1988"
"146",124,297,150,271,158,210,262,107,191,230,313,100,210,NA,319,"TTH","1989"
"147",122,289,145,265,152,204,256,102,184,225,305,96,204,NA,312,"TTH","1990"
"148",130,300,154,276,159,214,268,112,193,236,316,105,214,NA,323,"TTH","1991"
"149",115,283,139,258,146,198,250,98,178,219,298,91,198,NA,305,"TTH","1992"
"150",115,299,140,275,145,207,270,97,183,234,318,86,203,212,329,"TTH","1993"
"151",106,306,131,280,135,205,276,85,176,237,326,75,189,221,336,"TTH","1994"
"152",122,277,145,253,152,198,245,105,181,217,292,99,198,298,NA,"TTH","1995"
"153",124,293,148,268,156,208,260,107,188,228,309,100,208,NA,316,"TTH","1996"
"154",113,288,136,264,143,200,257,94,177,224,305,87,200,NA,312,"TTH","1997"
"155",113,286,137,260,145,198,251,95,179,219,302,88,198,NA,308,"TTH","1998"
"156",112,282,136,256,143,196,248,94,176,217,298,87,196,346,370,"TTH","1999"
"157",118,314,128,295,130,162,310,111,145,284,332,108,152,285,336,"TTH","2000"
"158",122,317,128,295,128,157,299,117,139,264,337,112,144,257,343,"TTH","2001"
"159",90,336,109,308,110,186,311,74,144,262,361,67,153,252,372,"TTH","2002"
"160",109,305,118,299,118,154,301,103,132,291,312,99,137,288,315,"TTH","2003"
"161",97,301,104,296,104,138,297,92,115,287,307,88,120,283,311,"TTH","2004"
"162",102,338,114,309,114,165,313,93,133,265,366,89,138,253,374,"TTH","2005"
"163",101,331,110,306,110,153,308,96,124,268,351,92,129,258,358,"TTH","2006"
"164",107,319,116,291,116,162,294,99,133,250,344,95,137,237,351,"TTH","2009"
"165",117,320,122,308,122,150,310,113,130,291,329,108,136,287,332,"TTH","2010"
"166",95,305,108,288,108,175,289,86,130,261,318,82,134,255,322,"TTH","2011"
"167",100,320,108,292,108,149,295,95,121,250,347,91,126,NA,NA,"TTH","2012"
"168",98,326,108,298,107,159,299,90,125,252,351,86,129,239,358,"TTH","2013"
"169",114,331,119,305,120,153,307,110,130,263,356,105,135,NA,NA,"TTH","2014"
"170",101,320,106,300,107,142,304,96,117,268,343,92,122,259,351,"TTH","2015"
"171",116,288,139,265,143,202,262,100,177,229,305,92,189,216,312,"ZWL","1982"
"172",107,296,134,269,141,201,261,88,178,226,315,81,201,NA,322,"ZWL","1983"
"173",117,287,141,263,147,202,256,99,181,224,304,92,202,NA,311,"ZWL","1984"
"174",107,284,127,258,131,188,253,91,163,216,303,84,176,206,311,"ZWL","1985"
"175",110,298,134,274,139,204,269,92,177,233,316,83,190,218,325,"ZWL","1986"
"176",107,301,133,275,140,204,268,88,178,232,320,80,197,211,328,"ZWL","1987"
"177",116,237,126,212,127,157,202,108,143,171,253,104,152,188,259,"ZWL","1988"
"178",106,298,130,271,135,200,265,83,174,228,317,75,192,208,324,"ZWL","1989"
"179",117,301,141,275,144,207,270,96,181,235,318,89,195,219,325,"ZWL","1990"
"180",112,294,136,269,141,202,263,93,178,228,311,85,195,209,319,"ZWL","1991"
"181",109,291,134,266,140,200,259,90,176,225,309,83,200,NA,316,"ZWL","1992"
"182",111,291,135,267,141,201,261,94,177,227,309,86,195,207,316,"ZWL","1993"
"183",99,296,125,271,130,198,266,81,170,228,315,72,183,213,324,"ZWL","1994"
"184",108,293,135,267,143,200,258,90,179,224,311,82,200,NA,318,"ZWL","1995"
"185",119,296,142,272,148,207,266,102,183,232,313,94,199,215,320,"ZWL","1996"
"186",92,299,119,272,123,195,267,72,165,228,319,63,178,212,327,"ZWL","1997"
"187",105,301,129,275,133,202,271,86,173,234,319,77,184,220,328,"ZWL","1998"
"188",106,280,130,255,137,192,247,88,171,215,297,80,192,304,362,"ZWL","1999"
"189",117,289,125,282,126,152,287,112,138,276,299,108,143,274,301,"ZWL","2000"
"190",118,306,123,287,124,150,290,114,133,258,323,109,138,252,328,"ZWL","2001"
"191",94,317,110,298,111,174,301,82,137,270,333,77,144,265,338,"ZWL","2002"
"192",105,331,117,307,117,177,310,95,139,269,353,91,144,260,359,"ZWL","2003"
"193",72,295,72,246,100,105,295,99,102,290,387,60,92,286,302,"ZWL","2004"
"194",98,326,103,296,103,129,300,94,112,253,353,89,117,139,361,"ZWL","2005"
"195",110,319,121,293,121,170,295,102,140,250,345,98,145,238,352,"ZWL","2006"
"196",102,323,108,308,108,142,310,97,118,284,336,92,123,280,340,"ZWL","2007"
"197",98,337,109,309,109,167,311,89,128,264,364,85,132,251,371,"ZWL","2008"
"198",99,297,109,283,109,166,284,90,128,261,308,86,133,256,311,"ZWL","2009"
"199",110,334,119,302,119,163,304,104,135,254,363,100,139,238,371,"ZWL","2010"
"200",108,281,113,255,113,142,256,103,123,216,302,99,128,204,309,"ZWL","2011"
"201",100,293,110,266,110,156,267,93,127,224,318,89,131,210,325,"ZWL","2012"
"202",94,294,102,276,102,149,278,87,117,250,308,83,121,244,312,"ZWL","2013"
"203",115,317,121,287,121,153,288,110,131,242,342,106,136,NA,NA,"ZWL","2014"
"204",98,296,104,278,105,147,279,93,116,251,310,88,121,245,314,"ZWL","2015"
"205",125,283,147,259,154,203,253,109,184,223,298,103,203,NA,304,"DHB","1982"
"206",118,294,145,267,156,206,256,102,188,225,310,96,206,NA,316,"DHB","1983"
"207",123,279,145,255,152,199,247,107,181,218,294,101,199,300,NA,"DHB","1984"
"208",125,289,147,265,154,207,259,108,187,228,305,101,207,NA,311,"DHB","1985"
"209",119,287,144,262,152,203,254,103,184,223,303,96,203,NA,310,"DHB","1986"
"210",115,285,141,259,150,199,248,99,182,218,300,93,199,NA,306,"DHB","1987"
"211",125,292,148,268,156,208,260,108,189,229,308,101,208,NA,314,"DHB","1988"
"212",118,286,142,262,150,201,253,101,182,222,303,94,201,NA,309,"DHB","1989"
"213",118,295,143,269,151,207,262,100,186,229,311,93,207,NA,317,"DHB","1990"
"214",120,286,144,262,150,202,255,103,182,224,301,96,202,NA,308,"DHB","1991"
"215",123,293,149,269,156,208,260,108,189,229,310,100,208,NA,316,"DHB","1992"
"216",121,281,145,255,155,200,246,106,184,218,295,100,200,300,NA,"DHB","1993"
"217",131,286,154,262,162,208,254,116,191,226,300,110,208,NA,306,"DHB","1994"
"218",123,285,147,261,156,204,252,108,187,223,301,101,204,NA,307,"DHB","1995"
"219",122,291,147,266,156,207,258,107,188,227,308,100,207,NA,314,"DHB","1996"
"220",124,290,148,266,157,207,258,109,189,227,307,102,207,NA,313,"DHB","1997"
"221",112,278,137,253,145,195,244,97,177,214,293,90,195,NA,300,"DHB","1998"
"222",114,261,134,236,142,182,224,101,167,197,275,96,182,280,370,"DHB","1999"
"223",127,279,151,271,155,217,272,111,189,256,288,105,206,254,291,"DHB","2000"
"224",123,276,150,269,155,232,269,103,197,256,283,NA,NA,252,286,"DHB","2001"
"225",125,283,150,262,158,207,254,109,189,226,298,103,207,NA,303,"DHB","2002"
"226",125,285,143,269,144,205,269,113,172,242,299,108,179,235,303,"DHB","2003"
"227",118,280,132,276,133,196,276,107,157,266,288,103,163,263,290,"DHB","2004"
"228",120,282,128,273,128,165,273,114,141,258,290,110,146,255,292,"DHB","2005"
"229",124,277,144,269,145,225,270,108,180,255,285,103,187,251,288,"DHB","2006"
"230",120,281,133,267,133,194,267,109,156,243,293,105,162,238,297,"DHB","2007"
"231",121,289,143,275,145,222,275,103,184,253,299,97,191,247,303,"DHB","2008"
"232",123,283,129,264,129,159,265,119,139,235,299,114,144,227,304,"DHB","2009"
"233",130,280,139,252,139,171,249,124,153,207,301,120,158,201,309,"DHB","2010"
"234",126,285,134,271,134,175,272,120,147,248,298,116,152,243,301,"DHB","2011"
"235",121,286,136,271,137,201,271,110,163,245,299,105,168,239,303,"DHB","2012"
"236",121,282,127,270,127,162,270,117,137,247,294,112,142,242,297,"DHB","2013"
"237",120,281,130,271,130,188,272,112,149,254,289,108,153,251,293,"DHB","2014"
"238",122,278,135,259,136,190,259,111,160,228,294,106,166,220,299,"DHB","2015"
"239",119,269,141,247,149,194,240,106,177,213,284,100,194,NA,289,"HLS","1982"
"240",102,291,129,262,138,196,253,83,174,218,309,75,196,NA,316,"HLS","1983"
"241",120,275,141,252,147,196,245,103,178,216,289,97,196,NA,295,"HLS","1984"
"242",101,293,127,266,134,196,259,81,172,223,312,74,196,NA,319,"HLS","1985"
"243",128,290,152,266,161,209,257,113,191,228,304,107,209,NA,311,"HLS","1986"
"244",115,288,140,263,148,201,255,98,181,223,305,91,201,NA,311,"HLS","1987"
"245",116,283,140,258,148,199,250,100,180,219,299,93,199,NA,305,"HLS","1988"
"246",119,296,144,270,152,207,262,101,186,229,313,94,207,NA,320,"HLS","1989"
"247",121,299,145,274,150,209,268,102,186,234,316,95,209,NA,323,"HLS","1990"
"248",118,288,142,264,149,203,256,102,182,225,304,95,203,NA,311,"HLS","1991"
"249",117,291,143,265,152,204,256,101,185,225,307,94,204,NA,314,"HLS","1992"
"250",121,279,145,255,153,200,247,106,183,219,295,100,200,NA,301,"HLS","1993"
"251",116,282,140,258,148,200,251,100,180,220,299,93,200,NA,306,"HLS","1994"
"252",116,295,143,268,153,205,258,100,186,226,311,93,205,NA,318,"HLS","1995"
"253",128,283,150,260,157,205,253,112,187,224,298,106,205,NA,304,"HLS","1996"
"254",107,285,132,260,139,196,253,90,174,219,302,82,196,NA,310,"HLS","1997"
"255",112,287,137,263,145,200,255,96,179,222,304,88,200,NA,312,"HLS","1998"
"256",107,258,130,234,139,181,224,92,166,198,271,87,181,276,362,"HLS","1999"
"257",113,284,126,275,129,167,282,104,148,270,293,101,158,269,296,"HLS","2000"
"258",111,305,121,280,122,163,284,104,139,243,328,100,145,236,334,"HLS","2001"
"259",97,312,110,294,111,159,299,87,132,269,329,83,139,266,333,"HLS","2002"
"260",97,317,113,303,114,176,305,85,141,281,329,80,149,278,333,"HLS","2003"
"261",98,320,104,300,103,131,302,94,112,268,337,89,117,261,342,"HLS","2004"
"262",88,330,104,300,106,171,304,76,133,255,355,71,141,244,365,"HLS","2005"
"263",115,327,121,297,121,151,300,110,131,253,353,106,136,239,361,"HLS","2006"
"264",102,319,111,301,111,157,302,96,126,271,335,92,131,265,340,"HLS","2007"
"265",79,342,101,315,99,192,316,58,140,268,366,48,150,257,377,"HLS","2008"
"266",87,325,105,297,105,181,298,71,137,252,348,65,144,240,357,"HLS","2009"
"267",104,373,113,346,112,165,353,96,130,304,399,89,135,292,416,"HLS","2010"
"268",111,256,123,235,124,168,232,100,146,197,274,94,153,193,284,"HLS","2011"
"269",107,341,113,312,113,148,316,102,124,267,368,97,129,NA,NA,"HLS","2012"
"270",102,298,110,278,110,154,279,95,124,246,315,91,129,238,320,"HLS","2013"
"271",106,317,116,289,116,164,289,98,134,244,341,94,139,231,348,"HLS","2014"
"272",102,306,108,288,108,138,290,99,117,261,321,94,122,255,326,"HLS","2015"
"273",142,283,163,263,170,213,256,129,197,230,297,123,213,NA,303,"SS","1982"
"274",130,292,154,266,165,211,257,115,194,229,307,109,211,NA,312,"SS","1983"
"275",143,281,169,263,180,221,258,130,207,236,293,124,221,298,NA,"SS","1984"
"276",153,289,175,268,184,221,259,141,208,236,302,137,221,NA,306,"SS","1985"
"277",136,291,161,269,171,217,261,122,201,234,305,116,217,NA,311,"SS","1986"
"278",149,287,171,267,181,221,261,136,207,237,301,131,221,NA,306,"SS","1987"
"279",134,292,162,272,173,222,266,118,205,241,305,111,222,NA,310,"SS","1988"
"280",130,290,154,266,163,211,259,116,193,230,306,109,211,NA,312,"SS","1989"
"281",132,295,158,271,168,217,264,117,199,236,309,110,217,NA,315,"SS","1990"
"282",126,288,148,264,156,207,258,110,188,227,304,103,207,NA,311,"SS","1991"
"283",141,298,167,277,176,224,270,126,206,242,312,120,224,NA,318,"SS","1992"
"284",123,303,149,277,159,213,267,106,193,234,321,98,213,NA,327,"SS","1993"
"285",154,292,176,274,183,226,267,141,211,243,306,135,226,NA,311,"SS","1994"
"286",163,287,187,273,200,238,270,150,226,252,296,NA,144,301,NA,"SS","1995"
"287",154,286,178,269,190,229,264,142,216,244,296,136,229,NA,301,"SS","1996"
"288",127,301,153,276,162,214,267,111,195,235,318,104,214,NA,324,"SS","1997"
"289",127,293,151,271,158,211,265,111,191,233,311,104,211,NA,318,"SS","1998"
"290",129,284,154,262,163,208,253,115,192,226,299,109,208,NA,305,"SS","1999"
"291",119,285,146,275,152,223,275,101,192,255,295,94,204,251,299,"SS","2000"
"292",101,288,129,283,133,221,283,78,177,272,295,NA,NA,269,297,"SS","2001"
"293",120,302,146,278,151,213,274,103,188,241,320,95,201,226,327,"SS","2002"
"294",124,296,151,277,156,221,275,105,196,247,309,98,201,235,314,"SS","2003"
"295",118,304,145,292,147,238,292,95,193,270,315,88,202,265,319,"SS","2004"
"296",116,298,143,285,145,232,285,94,191,262,310,87,198,256,313,"SS","2005"
"297",122,293,149,281,152,233,280,100,198,259,304,92,202,253,307,"SS","2006"
"298",120,306,146,292,147,235,291,97,192,267,318,90,200,261,322,"SS","2007"
"299",123,303,151,288,153,233,287,102,198,262,315,94,203,255,319,"SS","2008"
"300",140,293,167,285,169,251,284,119,213,270,300,112,220,266,302,"SS","2009"
"301",140,296,168,286,173,244,284,120,216,265,306,112,216,258,309,"SS","2010"
"302",113,291,140,279,141,228,278,92,186,257,300,84,193,252,304,"SS","2011"
"303",144,300,172,288,177,244,286,124,219,266,311,116,217,258,315,"SS","2012"
"304",130,293,156,274,162,222,271,112,199,244,306,104,203,230,311,"SS","2013"
"305",138,291,163,275,169,226,271,121,205,247,303,113,207,234,307,"SS","2014"
"306",112,300,136,290,137,241,290,93,180,273,308,86,188,269,311,"SS","2015"
"307",111,293,135,269,141,203,265,94,177,231,311,87,189,217,317,"DQS","1982"
"308",113,287,139,268,144,210,264,92,184,236,301,84,189,222,306,"DQS","1983"
"309",127,286,143,260,146,193,253,114,172,217,304,109,184,214,311,"DQS","1984"
"310",120,297,139,271,141,198,268,106,171,230,315,100,180,222,322,"DQS","1985"
"311",112,294,138,272,142,206,267,94,180,234,311,87,191,219,318,"DQS","1986"
"312",115,295,141,274,147,213,270,97,186,240,310,89,194,225,316,"DQS","1987"
"313",125,292,144,265,148,199,258,112,177,222,310,106,191,216,317,"DQS","1988"
"314",115,292,138,270,141,206,267,97,178,235,307,90,186,224,313,"DQS","1989"
"315",121,299,145,275,151,210,269,104,186,236,316,97,201,219,323,"DQS","1990"
"316",132,291,148,265,150,198,259,119,176,223,309,114,187,219,316,"DQS","1991"
"317",119,296,137,270,140,197,266,104,171,228,315,98,181,220,323,"DQS","1992"
"318",122,296,141,268,145,197,261,108,174,223,315,103,188,218,323,"DQS","1993"
"319",114,294,136,272,138,207,270,93,177,238,309,86,185,227,315,"DQS","1994"
"320",119,293,145,272,151,213,269,102,188,239,308,94,196,224,314,"DQS","1995"
"321",122,290,144,268,148,205,263,107,181,230,307,100,193,218,313,"DQS","1996"
"322",114,290,141,271,147,213,268,95,187,239,305,87,192,225,310,"DQS","1997"
"323",119,289,132,263,133,181,260,108,155,220,310,104,161,212,317,"DQS","1998"
"324",110,283,135,258,143,196,250,94,176,218,300,86,196,307,362,"DQS","1999"
"325",125,284,134,276,135,168,280,118,150,267,292,115,156,264,295,"DQS","2000"
"326",120,299,125,287,125,149,290,116,134,270,310,111,139,267,313,"DQS","2001"
"327",126,290,134,276,134,171,278,120,148,254,303,116,153,250,307,"DQS","2002"
"328",124,293,135,275,135,187,276,116,153,246,308,112,158,239,313,"DQS","2003"
"329",116,286,130,276,130,204,275,105,155,256,296,100,160,252,299,"DQS","2004"
"330",122,290,138,272,140,202,271,110,168,241,304,105,174,233,309,"DQS","2005"
"331",131,289,139,275,139,183,275,125,153,249,302,121,157,243,306,"DQS","2006"
"332",118,298,131,280,132,197,281,106,156,251,313,102,161,244,318,"DQS","2007"
"333",119,293,139,277,141,213,276,104,175,249,306,99,182,242,310,"DQS","2008"
"334",121,287,128,273,129,174,274,114,143,250,299,110,147,245,303,"DQS","2009"
"335",130,290,139,264,139,177,263,123,155,223,312,119,160,212,319,"DQS","2010"
"336",122,284,141,270,143,213,270,107,176,247,295,102,183,241,299,"DQS","2011"
"337",120,286,134,274,134,205,274,109,159,252,298,105,164,247,301,"DQS","2012"
"338",116,290,130,272,130,192,272,107,152,244,303,102,157,237,307,"DQS","2013"
"339",117,282,131,271,131,203,271,108,154,252,292,103,158,248,295,"DQS","2014"
"340",115,290,138,276,139,220,276,98,177,253,302,91,185,247,305,"DQS","2015"
"341",125,289,149,265,155,207,259,111,187,229,305,104,207,NA,311,"LMD","1982"
"342",130,290,157,269,168,217,263,113,200,237,303,106,217,308,NA,"LMD","1983"
"343",124,287,145,263,151,202,256,107,182,224,304,100,202,NA,310,"LMD","1984"
"344",117,296,142,269,149,205,261,98,184,228,313,91,205,NA,320,"LMD","1985"
"345",120,282,141,260,145,200,254,102,178,223,298,95,193,207,304,"LMD","1986"
"346",119,298,146,272,155,209,262,102,189,230,315,95,209,NA,322,"LMD","1987"
"347",120,289,144,264,151,204,257,103,184,225,305,96,204,NA,312,"LMD","1988"
"348",112,286,136,260,141,197,254,94,175,220,302,87,197,NA,309,"LMD","1989"
"349",116,296,141,270,149,205,262,98,184,228,313,90,205,NA,320,"LMD","1990"
"350",126,286,146,261,151,200,253,113,180,221,302,107,200,207,309,"LMD","1991"
"351",109,289,133,264,140,198,257,90,176,223,307,83,198,NA,314,"LMD","1992"
"352",119,285,141,259,147,196,249,104,177,217,303,98,196,NA,309,"LMD","1993"
"353",123,286,144,264,149,204,259,106,182,227,302,99,196,212,309,"LMD","1994"
"354",119,303,145,277,154,212,270,101,190,236,321,93,212,NA,328,"LMD","1995"
"355",120,287,142,261,148,198,252,106,178,219,304,99,198,NA,311,"LMD","1996"
"356",130,289,153,266,160,209,258,115,191,229,304,108,209,NA,311,"LMD","1997"
"357",115,290,141,265,148,203,257,99,182,225,307,92,203,NA,314,"LMD","1998"
"358",114,286,139,262,147,200,254,98,180,222,303,91,200,310,362,"LMD","1999"
"359",123,285,133,278,135,171,282,114,153,271,293,111,160,268,296,"LMD","2000"
"360",115,291,143,277,147,227,277,94,191,256,301,86,198,250,304,"LMD","2001"
"361",118,290,140,274,143,215,272,100,181,246,303,94,189,239,307,"LMD","2002"
"362",118,293,145,276,150,222,274,97,193,248,305,90,196,239,310,"LMD","2003"
"363",122,287,148,276,150,231,275,101,193,256,297,94,200,251,300,"LMD","2004"
"364",117,287,144,273,147,223,272,97,190,249,298,90,194,242,301,"LMD","2005"
"365",121,289,143,274,145,218,273,104,182,249,301,98,189,243,304,"LMD","2006"
"366",115,288,142,276,143,229,276,92,189,256,299,85,195,250,302,"LMD","2007"
"367",123,292,150,279,153,231,278,100,198,257,303,93,201,250,306,"LMD","2008"
"368",119,288,134,277,134,210,277,107,161,257,298,102,166,253,301,"LMD","2009"
"369",124,291,144,276,146,218,275,106,182,250,303,101,189,243,307,"LMD","2010"
"370",117,285,135,271,136,209,270,102,168,246,297,97,174,240,300,"LMD","2011"
"371",115,293,141,282,142,234,282,95,187,262,303,87,195,258,306,"LMD","2012"
"372",114,288,130,278,129,213,278,101,157,259,298,97,162,255,301,"LMD","2013"
"373",113,287,129,275,129,211,275,99,159,254,297,94,164,250,300,"LMD","2014"
"374",114,292,136,280,136,222,279,97,173,257,302,91,180,253,305,"LMD","2015"
"375",127,272,148,251,156,199,243,114,183,217,286,108,199,NA,291,"PQG","1982"
"376",118,300,145,272,155,208,261,100,189,229,317,93,208,NA,323,"PQG","1983"
"377",134,287,155,263,162,209,256,117,191,228,301,111,209,NA,307,"PQG","1984"
"378",133,296,157,273,165,215,264,118,197,235,312,112,215,NA,318,"PQG","1985"
"379",124,294,149,270,157,210,262,108,190,231,311,101,210,NA,318,"PQG","1986"
"380",121,291,147,267,157,208,258,105,190,228,307,98,208,NA,313,"PQG","1987"
"381",125,303,150,277,158,213,269,107,193,236,320,100,213,NA,327,"PQG","1988"
"382",128,300,152,274,159,212,266,108,193,234,317,102,212,NA,323,"PQG","1989"
"383",128,309,151,283,155,216,277,107,192,242,326,100,208,225,333,"PQG","1990"
"384",125,295,148,272,152,209,267,107,186,234,311,100,200,219,319,"PQG","1991"
"385",125,303,151,277,160,214,269,109,194,236,320,100,214,NA,329,"PQG","1992"
"386",125,295,149,269,156,209,262,109,189,231,310,102,209,NA,317,"PQG","1993"
"387",128,291,152,268,159,210,261,113,191,231,308,106,210,NA,314,"PQG","1994"
"388",123,305,151,278,161,214,268,107,195,235,322,100,214,NA,329,"PQG","1995"
"389",132,296,154,272,162,214,265,116,194,234,312,109,214,NA,318,"PQG","1996"
"390",119,294,144,268,153,206,259,103,187,227,310,95,206,NA,317,"PQG","1997"
"391",115,281,139,257,146,198,250,100,178,219,296,93,198,NA,303,"PQG","1998"
"392",114,290,140,264,148,202,256,98,182,224,307,90,202,346,372,"PQG","1999"
"393",112,293,135,277,139,204,279,96,173,251,307,90,188,248,312,"PQG","2000"
"394",123,291,131,278,131,166,280,116,145,259,302,112,150,255,306,"PQG","2001"
"395",128,306,132,287,132,158,289,123,141,258,323,118,146,252,328,"PQG","2002"
"396",133,309,141,295,142,182,296,126,157,271,323,122,162,267,326,"PQG","2003"
"397",102,304,118,288,119,188,288,90,146,260,318,86,152,255,322,"PQG","2004"
"398",122,309,136,282,137,189,281,113,159,238,331,108,165,228,338,"PQG","2005"
"399",129,304,134,281,134,159,282,126,142,245,324,121,148,169,330,"PQG","2006"
"400",102,305,118,290,119,196,290,89,148,264,318,84,154,260,321,"PQG","2007"
"401",115,329,128,300,128,187,300,104,152,254,353,100,157,240,361,"PQG","2008"
"402",117,315,129,297,129,187,298,109,149,269,329,104,153,264,333,"PQG","2009"
"403",117,335,133,308,134,199,308,105,161,263,359,100,167,252,367,"PQG","2010"
"404",93,312,117,288,116,202,287,68,160,247,331,58,170,237,339,"PQG","2011"
"405",122,304,129,289,129,175,289,116,142,264,316,112,146,258,320,"PQG","2012"
"406",102,318,118,288,120,181,287,91,147,239,343,86,153,227,351,"PQG","2013"
"407",119,307,129,286,129,183,287,110,148,253,324,106,153,244,329,"PQG","2014"
"408",109,303,123,294,123,203,294,98,148,276,312,93,153,272,315,"PQG","2015"
"409",119,285,144,263,151,206,258,102,185,228,299,95,199,208,305,"LYS","1982"
"410",127,288,150,266,156,208,260,112,188,229,304,105,208,NA,311,"LYS","1983"
"411",113,286,139,263,148,205,257,95,184,227,301,87,205,NA,307,"LYS","1984"
"412",115,290,140,265,147,202,257,98,181,225,307,91,202,NA,314,"LYS","1985"
"413",120,294,144,270,150,208,265,103,186,232,311,95,206,209,318,"LYS","1986"
"414",119,290,145,269,151,209,263,103,187,232,307,95,202,212,313,"LYS","1987"
"415",110,295,137,268,145,203,260,93,181,226,313,85,203,NA,320,"LYS","1988"
"416",112,294,134,268,139,198,262,96,173,225,312,89,187,213,320,"LYS","1989"
"417",115,303,139,277,144,207,271,95,181,235,321,87,197,218,328,"LYS","1990"
"418",120,286,142,262,147,200,256,106,178,223,303,99,196,207,310,"LYS","1991"
"419",115,297,139,271,145,204,265,99,180,230,315,91,198,212,323,"LYS","1992"
"420",115,293,139,269,145,204,263,98,181,229,311,90,201,207,318,"LYS","1993"
"421",116,296,142,272,149,208,266,99,185,232,313,91,208,NA,320,"LYS","1994"
"422",115,296,139,270,146,203,263,99,180,227,315,92,203,NA,322,"LYS","1995"
"423",118,294,142,270,148,205,263,100,183,229,311,93,205,NA,318,"LYS","1996"
"424",114,295,140,270,147,205,263,97,182,229,313,89,205,NA,320,"LYS","1997"
"425",109,293,134,267,140,200,261,92,176,226,311,84,197,205,319,"LYS","1998"
"426",110,278,134,254,142,195,247,94,175,216,295,87,195,NA,302,"LYS","1999"
"427",105,285,131,279,135,210,281,88,174,270,292,NA,NA,267,295,"LYS","2000"
"428",104,285,130,279,133,230,280,82,177,270,290,NA,NA,266,293,"LYS","2001"
"429",120,284,141,276,143,220,276,104,177,261,292,98,188,258,295,"LYS","2002"
"430",126,299,136,283,136,188,283,117,155,256,312,114,159,250,316,"LYS","2003"
"431",112,286,123,278,123,184,278,102,144,263,294,98,148,260,297,"LYS","2004"
"432",123,288,129,266,129,164,267,118,141,233,305,113,145,224,310,"LYS","2005"
"433",127,283,133,277,133,166,277,122,143,266,289,117,148,262,292,"LYS","2006"
"434",118,293,127,283,127,181,283,110,143,265,303,106,148,261,306,"LYS","2007"
"435",123,301,132,283,132,184,284,116,148,256,314,112,153,250,318,"LYS","2008"
"436",125,295,130,283,130,157,285,122,138,265,305,117,144,261,309,"LYS","2009"
"437",114,290,125,284,125,189,284,106,144,271,297,102,148,267,300,"LYS","2010"
"438",109,293,131,280,131,215,280,92,168,256,305,87,176,251,308,"LYS","2011"
"439",124,290,130,280,131,171,280,120,142,263,298,115,146,259,301,"LYS","2012"
"440",116,284,124,271,123,167,271,111,136,249,295,107,140,244,299,"LYS","2013"
"441",119,290,127,276,127,173,276,113,141,252,302,109,146,247,306,"LYS","2014"
"442",118,290,124,274,125,170,274,111,138,246,304,107,142,240,308,"LYS","2015"
"443",107,299,131,275,136,203,271,89,174,235,318,82,185,222,325,"KQA","1982"
"444",115,294,141,272,148,209,266,96,185,234,311,88,200,213,317,"KQA","1983"
"445",123,291,147,265,154,206,257,105,187,226,306,98,206,NA,312,"KQA","1984"
"446",113,295,137,274,141,210,271,92,181,239,310,84,188,227,316,"KQA","1985"
"447",124,307,149,284,155,220,280,105,194,247,323,97,204,231,330,"KQA","1986"
"448",117,301,139,277,142,206,274,101,177,237,322,94,188,226,329,"KQA","1987"
"449",108,308,136,282,143,211,277,90,183,240,327,81,198,221,335,"KQA","1988"
"450",114,302,140,281,145,215,278,94,186,245,318,86,194,232,325,"KQA","1989"
"451",120,305,145,281,151,214,275,102,189,241,323,94,203,223,330,"KQA","1990"
"452",112,292,138,268,144,205,262,93,181,229,309,86,205,NA,316,"KQA","1991"
"453",117,293,141,273,146,212,269,96,185,239,309,89,192,226,314,"KQA","1992"
"454",121,302,147,279,154,216,274,102,192,242,318,94,203,224,324,"KQA","1993"
"455",128,291,152,272,157,216,268,110,193,240,305,103,200,226,310,"KQA","1994"
"456",123,293,149,273,156,214,268,106,192,238,309,98,204,218,315,"KQA","1995"
"457",120,293,146,275,151,219,272,100,192,245,307,92,196,234,311,"KQA","1996"
"458",119,298,145,277,151,215,273,101,190,242,314,93,198,227,320,"KQA","1997"
"459",108,293,134,269,140,204,265,90,178,232,309,82,189,216,316,"KQA","1998"
"460",116,295,143,272,150,211,267,98,187,236,311,90,200,317,370,"KQA","1999"
"461",110,305,129,285,132,198,286,96,163,251,322,90,173,245,328,"KQA","2000"
"462",100,317,126,291,130,208,289,80,172,248,339,71,184,235,348,"KQA","2001"
"463",102,290,128,270,133,205,267,81,175,236,306,73,184,224,312,"KQA","2002"
"464",115,295,133,274,134,198,273,102,164,238,313,97,171,229,319,"KQA","2003"
"465",112,298,138,278,142,214,275,91,183,244,314,83,190,232,319,"KQA","2004"
"466",116,298,141,278,144,217,276,96,186,247,312,88,192,236,317,"KQA","2005"
"467",109,300,131,273,134,195,269,95,166,228,321,89,178,220,329,"KQA","2006"
"468",104,299,128,280,130,212,279,83,172,248,314,75,180,239,320,"KQA","2007"
"469",120,297,146,276,152,217,273,102,191,243,312,94,199,229,318,"KQA","2008"
"470",98,297,125,275,130,205,272,78,173,238,314,70,182,226,320,"KQA","2009"
"471",105,298,128,278,130,207,277,87,170,245,314,80,178,235,319,"KQA","2010"
"472",119,297,145,277,149,216,274,100,188,243,313,92,195,230,319,"KQA","2011"
"473",110,300,136,278,139,211,276,91,180,243,317,83,188,231,323,"KQA","2012"
"474",112,296,134,274,138,205,272,96,174,237,314,89,183,226,320,"KQA","2013"
"475",107,291,131,271,134,206,269,89,173,238,307,83,181,228,312,"KQA","2014"
"476",121,284,142,263,147,204,260,105,180,230,299,99,190,217,305,"KQA","2015"
"477",117,285,139,263,145,201,258,101,178,226,302,94,191,211,308,"WC","1982"
"478",111,288,133,261,138,193,254,96,170,218,306,90,187,206,314,"WC","1983"
"479",129,287,155,268,163,217,263,111,198,237,300,104,204,305,NA,"WC","1984"
"480",115,293,139,269,144,204,264,97,179,230,311,90,194,214,318,"WC","1985"
"481",125,291,151,272,157,218,269,106,195,242,304,99,199,228,309,"WC","1986"
"482",109,293,133,269,137,200,265,91,174,229,314,84,188,214,321,"WC","1987"
"483",117,296,143,270,152,207,263,101,186,230,314,93,207,NA,321,"WC","1988"
"484",117,294,136,267,140,195,261,103,170,223,314,98,182,216,321,"WC","1989"
"485",121,295,145,273,152,211,267,102,188,235,311,95,204,214,318,"WC","1990"
"486",122,284,141,260,145,196,254,108,174,220,302,103,188,212,309,"WC","1991"
"487",117,290,144,272,150,216,269,98,191,241,304,90,194,229,309,"WC","1992"
"488",115,295,139,271,144,204,266,98,179,232,313,91,192,218,320,"WC","1993"
"489",107,288,131,264,136,198,260,90,172,225,306,81,185,210,314,"WC","1994"
"490",121,289,148,271,155,217,267,103,194,240,302,95,197,226,307,"WC","1995"
"491",113,296,138,272,144,207,268,95,182,234,314,87,195,217,321,"WC","1996"
"492",106,288,128,262,134,193,257,89,168,220,307,82,184,207,315,"WC","1997"
"493",103,293,129,269,134,200,265,85,172,229,313,77,185,214,321,"WC","1998"
"494",107,294,133,269,140,202,262,89,178,227,313,81,202,320,362,"WC","1999"
"495",121,286,133,278,134,179,281,111,155,266,294,107,162,264,298,"WC","2000"
"496",116,287,131,279,133,197,280,104,159,265,294,100,166,262,298,"WC","2001"
"497",126,286,130,276,130,155,277,122,139,261,295,117,144,258,297,"WC","2002"
"498",125,289,131,281,131,157,282,122,140,266,299,116,145,262,302,"WC","2003"
"499",116,290,125,280,125,176,281,109,141,264,298,105,146,260,301,"WC","2004"
"500",125,290,132,280,132,167,281,120,143,263,300,116,148,259,303,"WC","2005"
"501",129,293,138,279,138,187,279,121,154,254,305,117,159,249,309,"WC","2006"
"502",118,289,125,278,125,166,278,113,137,259,299,109,141,255,302,"WC","2007"
"503",123,288,129,281,129,168,282,119,140,270,295,114,145,266,298,"WC","2008"
"504",127,283,131,268,131,163,268,123,140,242,296,118,145,236,300,"WC","2009"
"505",128,284,138,276,138,192,276,121,155,262,291,117,159,259,294,"WC","2010"
"506",127,285,133,279,133,168,279,122,143,267,292,118,148,264,294,"WC","2011"
"507",117,293,126,282,126,187,281,109,143,261,303,106,148,257,306,"WC","2012"
"508",120,289,128,278,129,181,279,115,142,260,298,110,147,256,301,"WC","2013"
"509",113,285,123,277,123,191,277,104,142,261,293,100,147,258,296,"WC","2014"
"510",112,292,121,282,121,173,282,106,136,264,301,102,141,261,304,"WC","2015"
"511",129,278,150,259,154,205,255,115,184,227,292,109,194,215,297,"KQB","1982"
"512",136,284,162,267,171,221,263,120,204,240,296,113,204,223,300,"KQB","1983"
"513",130,285,149,264,152,204,260,117,181,229,300,112,190,220,306,"KQB","1984"
"514",120,287,143,269,145,210,266,99,183,238,302,92,189,227,306,"KQB","1985"
"515",136,284,163,271,170,230,269,117,208,249,295,109,204,239,298,"KQB","1986"
"516",123,291,148,275,152,219,272,104,191,245,305,97,196,235,309,"KQB","1987"
"517",128,282,145,258,148,194,251,117,173,217,301,112,184,214,307,"KQB","1988"
"518",124,286,146,262,151,202,256,110,181,224,302,105,199,208,308,"KQB","1989"
"519",136,282,164,271,170,235,271,115,212,254,291,107,207,247,294,"KQB","1990"
"520",128,282,144,264,146,201,262,114,174,232,297,109,181,223,303,"KQB","1991"
"521",123,285,141,264,143,198,261,111,171,229,301,106,179,220,307,"KQB","1992"
"522",121,288,145,269,150,212,265,103,187,237,302,96,193,225,307,"KQB","1993"
"523",132,284,154,266,159,213,262,116,192,235,298,109,200,220,304,"KQB","1994"
"524",140,285,163,271,168,225,269,124,202,247,297,117,205,237,301,"KQB","1995"
"525",118,286,140,270,142,213,269,99,180,243,299,92,187,234,304,"KQB","1996"
"526",126,281,152,266,158,219,263,107,197,241,293,100,196,229,297,"KQB","1997"
"527",106,287,133,269,137,209,266,86,179,237,302,78,184,226,307,"KQB","1998"
"528",120,288,146,270,154,217,266,100,193,240,301,92,195,306,370,"KQB","1999"
"529",129,279,137,269,137,169,272,122,151,254,289,118,157,251,292,"KQB","2000"
"530",126,285,153,270,158,224,269,106,198,247,296,99,199,238,299,"KQB","2001"
"531",134,280,161,270,167,230,268,115,206,250,290,108,205,243,293,"KQB","2002"
"532",123,285,142,275,143,222,275,108,176,256,294,103,183,252,297,"KQB","2003"
"533",122,286,142,279,142,234,279,107,176,265,293,101,183,262,296,"KQB","2004"
"534",119,286,138,274,139,217,274,104,172,253,296,99,179,248,299,"KQB","2005"
"535",121,293,140,275,141,209,274,106,174,245,308,101,181,237,312,"KQB","2006"
"536",122,283,132,272,133,188,273,114,151,255,292,110,156,251,295,"KQB","2007"
"537",127,281,143,271,144,220,271,114,174,254,290,110,179,250,293,"KQB","2008"
"538",114,281,125,275,124,189,275,106,143,262,288,102,147,258,291,"KQB","2009"
"539",118,289,139,278,140,227,278,101,177,259,299,95,184,255,302,"KQB","2010"
"540",121,281,142,273,143,230,273,106,178,258,290,100,185,255,292,"KQB","2011"
"541",123,293,146,276,148,217,274,106,185,247,307,100,192,238,311,"KQB","2012"
"542",120,292,129,279,129,185,279,114,144,258,302,110,148,253,305,"KQB","2013"
"543",122,279,133,267,134,195,268,113,154,248,289,109,158,243,292,"KQB","2014"
"544",120,290,129,278,129,181,279,114,144,258,301,109,148,253,304,"KQB","2015"
"545",145,288,167,266,175,217,258,132,202,233,301,127,217,NA,306,"MS","1982"
"546",140,297,166,272,176,219,262,127,204,235,312,122,219,NA,317,"MS","1983"
"547",120,290,145,265,152,205,257,104,185,226,306,96,205,NA,313,"MS","1984"
"548",119,297,143,273,149,208,266,101,184,233,314,93,205,210,322,"MS","1985"
"549",150,302,174,280,185,228,270,136,213,244,317,131,228,NA,322,"MS","1986"
"550",136,305,161,280,171,221,271,121,203,240,321,114,221,NA,328,"MS","1987"
"551",119,284,142,260,149,201,254,102,181,223,301,95,201,NA,307,"MS","1988"
"552",111,297,137,271,145,204,263,94,181,229,315,86,204,NA,322,"MS","1989"
"553",125,297,149,273,157,211,265,108,191,233,314,101,211,NA,321,"MS","1990"
"554",118,274,142,251,150,196,243,104,179,215,289,98,196,NA,295,"MS","1991"
"555",127,295,153,269,164,211,259,113,194,230,311,106,211,NA,317,"MS","1992"
"556",122,277,145,253,155,199,243,108,184,216,292,102,199,NA,297,"MS","1993"
"557",132,294,156,272,163,214,265,117,195,235,312,110,214,NA,318,"MS","1994"
"558",128,298,154,273,164,214,263,113,196,233,314,107,214,NA,320,"MS","1995"
"559",132,284,154,262,164,208,252,118,192,225,299,111,208,NA,305,"MS","1996"
"560",118,294,144,268,151,206,261,102,185,229,311,95,206,NA,318,"MS","1997"
"561",104,298,130,272,137,201,266,85,175,229,317,77,193,209,325,"MS","1998"
"562",127,301,153,281,160,221,278,109,196,248,317,102,208,236,323,"MS","2001"
"563",72,320,94,304,91,194,307,42,137,278,334,NA,150,274,339,"MS","2002"
"564",109,313,133,293,134,216,294,91,176,259,331,81,186,250,338,"MS","2003"
"565",114,320,142,292,148,217,286,94,189,247,341,86,209,227,349,"MS","2004"
"566",86,324,108,298,104,198,298,57,149,254,345,NA,160,242,355,"MS","2005"
"567",99,343,125,315,127,217,314,75,174,268,366,65,187,255,377,"MS","2006"
"568",112,303,116,292,116,142,293,108,124,274,313,103,129,271,316,"MS","2007"
"569",93,323,112,301,112,199,301,77,146,266,339,71,152,258,345,"MS","2008"
"570",101,320,110,315,110,157,315,95,126,305,328,91,130,302,329,"MS","2009"
"571",-255,201,-247,174,-247,-198,220,-262,-232,172,220,-266,-228,NA,NA,"MS","2011"
"572",235,321,238,315,243,253,315,233,241,303,328,NA,NA,299,331,"MS","2011"
"573",91,329,118,314,116,235,313,63,166,286,342,56,176,280,346,"MS","2012"
"574",96,342,110,318,110,176,322,86,133,276,371,82,138,265,381,"MS","2013"
"575",88,303,99,293,99,154,293,80,117,273,313,76,121,270,316,"MS","2014"
"576",93,300,104,296,104,161,296,85,122,287,307,81,126,283,309,"MS","2015"
"577",133,282,154,261,160,208,255,119,189,227,297,112,208,NA,303,"HLH","1982"
"578",112,284,138,260,145,199,253,97,178,221,301,90,199,NA,308,"HLH","1983"
"579",125,279,151,260,161,210,254,109,193,228,293,103,210,NA,298,"HLH","1984"
"580",121,289,145,265,153,205,257,106,185,226,305,99,205,NA,312,"HLH","1985"
"581",122,294,148,270,156,210,262,106,190,232,309,98,210,NA,315,"HLH","1986"
"582",117,287,142,263,149,203,256,102,182,225,304,94,203,NA,311,"HLH","1987"
"583",117,287,142,262,152,202,252,102,184,222,303,95,202,NA,310,"HLH","1988"
"584",112,295,138,269,145,203,261,94,181,227,313,86,203,NA,320,"HLH","1989"
"585",123,297,147,273,153,210,267,107,187,234,313,99,208,212,321,"HLH","1990"
"586",124,286,145,261,150,200,254,111,179,221,304,105,200,207,310,"HLH","1991"
"587",125,292,151,269,159,212,263,110,192,233,308,103,212,NA,314,"HLH","1992"
"588",118,297,145,273,153,210,265,101,189,232,315,94,210,NA,321,"HLH","1993"
"589",116,292,140,268,146,205,264,100,181,230,310,92,197,212,318,"HLH","1994"
"590",127,294,153,272,161,214,266,111,194,236,312,104,214,NA,318,"HLH","1995"
"591",118,302,145,277,152,211,270,101,188,235,322,93,211,NA,329,"HLH","1996"
"592",114,296,138,272,144,205,266,97,181,231,314,89,197,213,321,"HLH","1997"
"593",105,293,130,269,135,200,264,87,173,228,312,79,187,212,320,"HLH","1998"
"594",112,295,139,269,148,204,260,96,183,227,313,88,204,346,370,"HLH","1999"
"595",123,286,137,277,138,184,279,113,160,262,296,109,168,260,299,"HLH","2000"
"596",119,309,136,279,138,192,278,108,164,234,331,103,173,227,339,"HLH","2001"
"597",126,280,130,273,131,157,274,122,139,260,288,117,144,256,291,"HLH","2002"
"598",129,302,135,279,134,165,281,124,144,246,321,119,149,NA,NA,"HLH","2003"
"599",116,306,126,285,127,181,286,108,146,252,323,104,151,243,328,"HLH","2004"
"600",120,312,132,284,133,184,284,110,154,240,335,106,159,228,342,"HLH","2005"
"601",123,318,135,289,136,184,289,114,156,243,342,110,161,231,350,"HLH","2006"
"602",118,304,125,286,125,170,287,112,138,257,318,107,142,250,323,"HLH","2007"
"603",123,307,129,289,129,166,290,118,140,261,321,113,145,254,325,"HLH","2008"
"604",115,286,131,271,132,202,271,103,160,246,298,98,165,241,302,"HLH","2009"
"605",126,304,144,284,145,208,282,114,173,249,321,109,180,240,326,"HLH","2010"
"606",127,285,137,277,137,200,277,118,157,261,294,114,161,258,297,"HLH","2011"
"607",116,294,126,280,127,183,280,108,145,255,306,104,149,250,310,"HLH","2012"
"608",122,306,130,286,130,173,286,117,143,252,324,112,147,243,329,"HLH","2013"
"609",117,291,126,278,126,179,278,110,142,255,302,107,146,250,306,"HLH","2014"
"610",108,291,118,284,119,183,284,99,138,271,298,95,143,267,301,"HLH","2015"
"611",131,285,153,263,162,208,254,117,191,226,300,111,208,NA,306,"DWP","1982"
"612",130,290,154,266,164,211,257,116,194,229,306,109,211,NA,312,"DWP","1983"
"613",129,291,153,266,163,210,257,114,193,228,305,108,210,NA,311,"DWP","1984"
"614",127,287,149,264,157,207,257,111,188,227,303,105,207,NA,310,"DWP","1985"
"615",124,299,150,274,160,212,264,108,193,233,316,101,212,NA,323,"DWP","1986"
"616",125,280,147,257,155,202,249,110,185,221,295,103,202,NA,301,"DWP","1987"
"617",118,284,144,257,154,199,245,104,183,216,298,99,199,304,NA,"DWP","1988"
"618",121,282,144,258,151,200,248,102,182,219,297,96,200,303,NA,"DWP","1989"
"619",134,287,157,264,165,210,255,118,194,228,302,113,210,NA,307,"DWP","1990"
"620",129,272,151,250,160,200,241,117,186,216,285,111,200,NA,290,"DWP","1991"
"621",131,297,157,273,168,215,263,117,199,234,313,110,215,NA,319,"DWP","1992"
"622",129,289,153,267,160,209,258,114,191,229,305,106,209,NA,312,"DWP","1993"
"623",126,290,150,266,159,209,259,111,190,229,307,105,209,NA,313,"DWP","1994"
"624",143,297,168,275,179,223,266,129,208,240,311,123,223,NA,316,"DWP","1995"
"625",129,292,152,270,156,211,265,113,190,233,309,101,211,NA,320,"DWP","1996"
"626",124,294,149,270,157,209,262,108,190,230,311,101,209,NA,318,"DWP","1997"
"627",119,288,143,265,151,204,257,103,184,226,306,96,204,NA,312,"DWP","1998"
"628",127,294,152,268,162,211,260,112,193,230,310,105,211,346,372,"DWP","1999"
"629",119,295,147,281,154,223,281,99,194,256,307,93,206,251,311,"DWP","2000"
"630",135,292,160,278,165,229,276,116,204,254,304,109,208,245,308,"DWP","2001"
"631",117,284,136,274,137,209,275,103,168,258,293,98,176,254,296,"DWP","2002"
"632",123,303,137,287,138,195,288,113,162,261,316,109,169,257,320,"DWP","2003"
"633",114,294,128,280,129,199,280,102,155,257,305,97,161,253,308,"DWP","2004"
"634",128,312,132,287,132,158,289,124,141,251,332,118,146,240,338,"DWP","2005"
"635",132,309,137,281,137,166,281,128,147,238,333,123,152,223,340,"DWP","2006"
"636",109,294,127,288,127,222,288,91,161,275,301,86,168,272,304,"DWP","2007"
"637",129,325,135,299,134,165,300,125,144,260,346,120,149,NA,NA,"DWP","2008"
"638",129,295,133,282,134,167,282,124,143,258,308,119,148,253,311,"DWP","2009"
"639",134,300,154,282,155,220,281,119,188,253,314,113,196,245,318,"DWP","2010"
"640",130,299,137,287,137,178,287,124,149,266,309,120,154,262,312,"DWP","2011"
"641",99,302,126,290,128,232,289,76,176,268,311,69,186,263,315,"DWP","2012"
"642",108,326,132,298,135,210,296,91,174,252,349,84,185,240,358,"DWP","2013"
"643",114,297,125,283,126,190,283,105,147,258,309,101,152,253,312,"DWP","2014"
"644",94,296,116,289,116,230,289,74,157,275,304,68,165,271,307,"DWP","2015"
"645",133,297,157,275,163,218,271,118,196,241,312,112,210,224,318,"YS","1982"
"646",129,296,155,275,163,219,270,112,199,241,311,104,219,NA,317,"YS","1983"
"647",123,285,149,266,156,213,262,106,192,235,300,98,199,217,305,"YS","1984"
"648",137,299,162,283,167,231,280,118,206,255,312,111,208,244,316,"YS","1985"
"649",140,292,166,275,174,229,272,123,209,249,303,116,208,235,307,"YS","1986"
"650",117,299,143,273,150,209,267,101,186,233,317,93,209,NA,324,"YS","1987"
"651",140,280,166,265,174,222,261,124,206,240,291,118,202,223,295,"YS","1988"
"652",132,302,156,278,164,218,270,115,198,239,317,108,218,NA,324,"YS","1989"
"653",117,302,143,279,149,214,274,97,188,242,319,89,199,225,325,"YS","1990"
"654",117,290,140,268,145,204,262,99,181,229,307,91,195,212,314,"YS","1991"
"655",132,293,159,279,164,233,277,113,206,256,303,105,206,247,307,"YS","1992"
"656",110,303,136,279,142,209,275,92,181,239,322,83,193,224,329,"YS","1993"
"657",126,314,152,292,157,225,287,108,197,254,332,99,207,238,339,"YS","1994"
"658",145,287,171,272,180,229,268,129,212,246,299,122,208,303,NA,"YS","1995"
"659",146,292,170,274,178,227,270,131,210,246,305,125,227,NA,309,"YS","1996"
"660",144,294,171,279,179,234,276,127,215,254,306,119,211,240,310,"YS","1997"
"661",109,297,134,277,137,212,275,89,179,244,312,81,186,233,317,"YS","1998"
"662",130,290,156,275,162,228,273,111,202,251,301,103,202,305,372,"YS","1999"
"663",102,285,129,279,133,216,280,81,175,269,291,NA,NA,266,294,"YS","2000"
"664",117,292,143,281,144,232,281,95,189,261,301,88,198,257,305,"YS","2001"
"665",107,280,134,272,136,232,272,84,183,257,287,77,194,254,290,"YS","2002"
"666",123,305,149,280,156,215,273,105,193,239,323,98,215,NA,330,"YS","2003"
"667",118,295,146,279,149,224,277,96,193,252,308,89,197,243,312,"YS","2004"
"668",122,294,146,276,150,220,274,101,191,247,307,93,195,236,312,"YS","2005"
"669",124,285,151,273,155,227,271,103,199,251,296,95,199,243,299,"YS","2006"
"670",122,297,146,277,151,216,273,102,190,243,312,94,197,231,317,"YS","2007"
"671",129,311,155,286,162,221,279,111,198,246,328,103,221,NA,335,"YS","2008"
"672",123,297,149,279,152,223,277,102,193,251,310,95,198,241,314,"YS","2009"
"673",112,286,134,272,135,214,271,95,173,247,298,89,180,241,302,"YS","2010"
"674",115,306,138,291,137,229,291,91,180,266,319,85,188,260,322,"YS","2011"
"675",110,304,137,286,139,223,285,88,184,257,317,80,191,248,322,"YS","2012"
"676",111,289,137,270,140,212,268,90,182,240,303,82,187,229,308,"YS","2013"
"677",150,297,176,285,180,245,284,131,220,265,306,123,219,258,309,"YS","2014"
"678",105,295,128,280,128,217,280,86,168,255,307,79,176,249,311,"YS","2015"
"679",125,288,147,265,152,206,260,108,184,229,304,102,199,213,310,"MAS","1982"
"680",114,292,136,265,143,198,258,97,176,222,310,91,198,NA,317,"MAS","1983"
"681",133,293,157,275,161,221,271,114,197,244,307,107,203,231,312,"MAS","1984"
"682",119,293,143,271,149,209,267,103,185,235,311,95,197,219,318,"MAS","1985"
"683",133,288,160,270,168,221,266,117,202,241,301,110,208,NA,306,"MAS","1986"
"684",111,293,137,269,142,204,265,94,180,231,311,86,193,214,318,"MAS","1987"
"685",120,294,146,268,156,207,258,104,189,227,311,97,207,NA,317,"MAS","1988"
"686",137,285,162,268,171,222,264,120,205,241,297,113,204,223,301,"MAS","1989"
"687",125,297,147,273,154,210,267,108,188,234,313,100,210,NA,320,"MAS","1990"
"688",120,287,142,264,149,205,259,103,183,228,304,96,203,NA,310,"MAS","1991"
"689",125,287,151,265,159,210,259,110,192,230,303,103,210,NA,308,"MAS","1992"
"690",118,289,145,269,151,214,266,99,190,238,302,92,194,223,307,"MAS","1993"
"691",110,290,136,269,141,208,266,92,180,235,305,84,188,222,312,"MAS","1994"
"692",121,291,147,267,155,207,260,105,188,229,308,98,207,NA,315,"MAS","1995"
"693",121,288,147,269,154,213,265,103,190,236,304,96,198,220,309,"MAS","1996"
"694",108,291,132,268,138,202,264,89,176,230,309,81,187,215,316,"MAS","1997"
"695",100,289,123,263,128,192,259,83,165,221,309,76,178,208,317,"MAS","1998"
"696",110,288,135,264,142,200,258,93,177,225,305,86,196,312,362,"MAS","1999"
"697",121,287,137,277,140,198,279,108,167,262,296,104,177,259,299,"MAS","2000"
"698",123,287,138,275,139,200,276,112,163,255,298,108,169,251,301,"MAS","2001"
"699",122,280,129,274,129,160,276,117,141,266,287,113,146,262,289,"MAS","2002"
"700",123,289,129,271,129,156,274,119,138,246,303,114,143,241,307,"MAS","2003"
"701",116,293,128,282,129,191,283,107,150,264,303,103,154,261,306,"MAS","2004"
"702",127,292,134,279,134,177,279,121,147,257,303,117,152,253,306,"MAS","2005"
"703",129,291,139,275,139,187,275,122,155,248,305,118,159,241,309,"MAS","2006"
"704",122,296,131,283,131,182,283,116,146,261,307,112,151,256,310,"MAS","2007"
"705",127,286,133,278,133,170,278,122,143,264,294,118,148,260,297,"MAS","2008"
"706",109,285,125,272,126,204,272,96,154,250,295,91,160,245,299,"MAS","2009"
"707",129,286,143,274,144,213,275,117,169,255,296,113,174,251,299,"MAS","2010"
"708",130,287,137,280,137,179,280,125,148,266,295,121,153,262,298,"MAS","2011"
"709",116,293,128,279,128,195,279,107,148,256,304,103,152,251,308,"MAS","2012"
"710",122,298,132,280,132,184,280,115,148,251,312,111,152,245,316,"MAS","2013"
"711",117,285,131,273,131,200,272,107,154,251,295,103,158,247,298,"MAS","2014"
"712",116,291,123,282,123,171,282,110,136,265,299,106,140,261,302,"MAS","2015"
"713",108,293,131,269,135,200,265,90,172,230,311,83,183,218,318,"LS","1982"
"714",121,294,146,270,154,211,265,104,189,234,309,96,211,NA,316,"LS","1983"
"715",115,296,138,270,143,202,264,98,178,228,314,91,194,213,321,"LS","1984"
"716",109,293,131,269,135,200,264,89,172,229,311,82,184,215,319,"LS","1985"
"717",104,294,130,268,137,199,261,86,174,225,313,78,199,NA,321,"LS","1986"
"718",115,294,135,268,139,197,263,99,172,225,313,93,185,215,321,"LS","1987"
"719",115,291,138,266,144,200,259,99,178,224,309,92,200,NA,316,"LS","1988"
"720",111,289,128,262,130,186,258,98,159,218,309,93,168,212,317,"LS","1989"
"721",105,297,129,272,133,199,268,87,170,231,316,79,182,218,324,"LS","1990"
"722",115,286,129,261,130,180,259,105,154,218,309,100,160,211,316,"LS","1991"
"723",103,295,131,275,135,210,272,83,178,241,312,75,185,228,317,"LS","1992"
"724",107,293,129,266,132,192,260,92,165,222,313,85,178,212,321,"LS","1993"
"725",108,295,132,271,135,201,267,90,173,231,314,81,185,218,322,"LS","1994"
"726",106,297,133,275,138,210,272,86,180,240,312,78,187,227,318,"LS","1995"
"727",108,292,130,266,135,194,259,92,169,222,312,85,184,210,319,"LS","1996"
"728",110,300,136,275,140,205,270,93,178,234,318,84,191,219,326,"LS","1997"
"729",98,296,124,270,129,197,265,79,168,228,315,70,182,212,323,"LS","1998"
"730",93,296,119,271,122,197,268,73,164,231,314,64,NA,328,362,"LS","1999"
"731",113,294,139,283,142,226,283,93,184,263,304,86,197,259,307,"LS","2000"
"732",124,292,150,282,152,237,282,103,196,264,301,96,205,259,304,"LS","2001"
"733",120,288,130,278,130,178,279,112,147,262,298,108,152,259,300,"LS","2002"
"734",123,287,148,275,150,226,274,103,192,253,298,96,198,247,302,"LS","2003"
"735",111,298,116,291,117,151,291,106,127,276,307,101,132,273,310,"LS","2004"
"736",124,304,128,286,129,159,286,120,137,256,320,115,142,249,324,"LS","2005"
"737",119,303,126,287,126,165,287,114,138,259,317,109,143,253,321,"LS","2006"
"738",114,306,120,286,120,152,287,111,129,254,324,106,134,NA,NA,"LS","2007"
"739",119,319,125,295,125,161,295,114,135,256,338,109,140,NA,NA,"LS","2008"
"740",121,290,141,275,142,216,273,102,180,248,303,95,187,240,306,"LS","2009"
"741",134,300,143,290,143,198,290,127,159,272,309,124,164,268,312,"LS","2010"
"742",105,296,130,285,129,234,286,81,175,267,305,74,184,263,308,"LS","2011"
"743",116,306,137,294,138,228,293,101,174,271,317,95,181,267,320,"LS","2012"
"744",110,309,138,287,143,220,284,87,188,251,325,79,195,238,331,"LS","2013"
"745",116,285,127,275,127,187,276,108,146,259,292,104,150,256,296,"LS","2014"
"746",114,297,124,286,124,178,287,107,141,269,306,103,145,265,309,"LS","2015"
"747",105,299,129,275,132,202,272,86,170,236,318,79,180,224,325,"QS","1982"
"748",102,302,124,274,128,195,270,84,164,230,322,77,176,219,330,"QS","1983"
"749",115,297,139,275,143,210,271,94,182,238,314,87,191,224,320,"QS","1984"
"750",105,299,125,273,127,192,271,91,160,231,319,84,169,220,327,"QS","1985"
"751",102,298,126,272,131,196,266,85,168,228,318,77,182,215,327,"QS","1986"
"752",105,301,129,277,133,202,273,87,172,235,320,79,184,222,329,"QS","1987"
"753",110,290,132,263,137,194,257,95,170,220,309,88,187,208,317,"QS","1988"
"754",112,298,138,274,143,207,268,93,181,234,315,85,194,217,322,"QS","1989"
"755",101,304,126,278,129,201,274,81,170,235,323,72,182,221,332,"QS","1990"
"756",102,305,126,278,130,201,275,83,169,235,324,75,181,222,333,"QS","1991"
"757",105,300,129,275,131,199,271,88,168,233,319,80,179,221,328,"QS","1992"
"758",103,306,129,279,134,204,274,83,175,236,326,74,189,219,334,"QS","1993"
"759",102,303,124,276,126,194,273,85,161,232,323,78,171,221,331,"QS","1994"
"760",109,295,131,270,133,198,266,91,169,229,313,84,180,218,321,"QS","1995"
"761",106,306,132,279,138,206,274,87,178,236,325,78,193,219,334,"QS","1996"
"762",102,300,124,275,127,196,272,86,163,232,320,78,173,221,329,"QS","1997"
"763",93,303,119,277,122,198,274,73,165,234,323,64,176,220,332,"QS","1998"
"764",95,304,122,280,125,202,276,73,169,238,324,65,179,331,362,"QS","1999"
"765",115,301,125,282,126,166,286,107,143,255,317,103,149,251,322,"QS","2000"
"766",117,293,124,280,124,162,282,111,138,259,305,106,142,255,309,"QS","2001"
"767",118,290,124,277,124,155,279,113,135,258,301,108,141,255,304,"QS","2002"
"768",114,299,121,287,120,157,288,109,132,268,310,104,137,264,313,"QS","2003"
"769",110,298,116,290,115,149,290,105,125,276,306,101,130,272,308,"QS","2004"
"770",114,305,122,286,122,167,287,109,135,257,320,104,140,250,324,"QS","2005"
"771",117,301,123,288,124,168,289,111,137,266,313,106,141,261,316,"QS","2006"
"772",112,302,118,290,117,155,291,107,128,270,313,102,133,265,316,"QS","2007"
"773",111,301,121,287,121,174,287,105,136,263,313,101,141,258,317,"QS","2008"
"774",113,291,123,282,123,184,282,105,141,267,299,101,145,263,302,"QS","2009"
"775",126,298,132,290,132,168,291,122,142,276,305,117,147,272,309,"QS","2010"
"776",111,293,120,284,120,172,284,105,135,267,301,101,139,263,304,"QS","2011"
"777",114,308,126,296,126,193,296,105,146,275,317,102,150,271,321,"QS","2012"
"778",112,301,125,290,125,204,291,102,148,272,310,98,152,268,313,"QS","2013"
"779",103,293,113,279,113,180,279,94,133,255,305,90,137,251,308,"QS","2014"
